Parent Unique ID,*Unique ID,*Product Name,Declared Name,Declared Local Name,Localized Price,Local Currency Code,Color,Size,*Quantity,*Tags,Description,Localized Shipping,"Shipping Time(enter without "" "", just the estimated days )",*Main Image URL,Clean Image URL,Extra Image URL 0,Extra Image URL 1,Extra Image URL 2,Extra Image URL 3,Extra Image URL 4,Extra Image URL 5,Extra Image URL 6,Extra Image URL 7,Extra Image URL 8,Pieces,Package Length ,Package Width ,Package Height ,Package Weight ,Country Of Origin,Contains Powder,Contains Liquid ,Contains Battery, Contains Metal,Custom Declared Value,Custom HS Code
32948583189,32948583189_White_One Size,Womens Sweaters 2019 Winter Tops Turtleneck Sweater Women Thin Pullover Jumper Knitted Sweater Pull Femme Hiver Truien Dames New,Pullovers,Pullovers,56.06,CNY,White,One Size,1610,"All Categories,Womens Clothing,Sweaters,Pullovers","Cheap Pullovers, Buy Directly from China Suppliers:Womens Sweaters 2019 Winter Tops Turtleneck Sweater Women Thin Pullover Jumper Knitted Sweater Pull Femme Hiver Truien Dames NewnEnjoy ✓ Worldwide! ✓Limited Time Salexa0✓Easy Return.",0.0, ,https://ae01.alicdn.com/kf/HTB1WrHVaeT2gK0jSZFvq6xnFXXaz/Womens-Sweaters-2019-Winter-Tops-Turtleneck-Sweater-Women-Thin-Pullover-Jumper-Knitted-Sweater-Pull-Femme-Hiver.jpg,https://ae01.alicdn.com/kf/HTB1WrHVaeT2gK0jSZFvq6xnFXXaz/Womens-Sweaters-2019-Winter-Tops-Turtleneck-Sweater-Women-Thin-Pullover-Jumper-Knitted-Sweater-Pull-Femme-Hiver.jpg,https://ae01.alicdn.com/kf/HTB1W.xxXvvsK1RjSspdq6AZepXap/Womens-Sweaters-2019-Winter-Tops-Turtleneck-Sweater-Women-Thin-Pullover-Jumper-Knitted-Sweater-Pull-Femme-Hiver.jpg,https://ae01.alicdn.com/kf/HTB1VldAXznuK1RkSmFPq6AuzFXal/Womens-Sweaters-2019-Winter-Tops-Turtleneck-Sweater-Women-Thin-Pullover-Jumper-Knitted-Sweater-Pull-Femme-Hiver.jpg,https://ae01.alicdn.com/kf/HTB1k7VyXzzuK1Rjy0Fpq6yEpFXa6/Womens-Sweaters-2019-Winter-Tops-Turtleneck-Sweater-Women-Thin-Pullover-Jumper-Knitted-Sweater-Pull-Femme-Hiver.jpg,https://ae01.alicdn.com/kf/HTB1PDFzXvvsK1Rjy0Fiq6zwtXXak/Womens-Sweaters-2019-Winter-Tops-Turtleneck-Sweater-Women-Thin-Pullover-Jumper-Knitted-Sweater-Pull-Femme-Hiver.jpg,https://ae01.alicdn.com/kf/HTB1n972hAvoK1RjSZPfq6xPKFXa4/Womens-Sweaters-2019-Winter-Tops-Turtleneck-Sweater-Women-Thin-Pullover-Jumper-Knitted-Sweater-Pull-Femme-Hiver.jpg,https://ae01.alicdn.com/kf/HTB1P6M1hpzqK1RjSZFvq6AB7VXar/Womens-Sweaters-2019-Winter-Tops-Turtleneck-Sweater-Women-Thin-Pullover-Jumper-Knitted-Sweater-Pull-Femme-Hiver.jpg,https://ae01.alicdn.com/kf/HTB1TDdzXtzvK1RkSnfoq6zMwVXaj/Womens-Sweaters-2019-Winter-Tops-Turtleneck-Sweater-Women-Thin-Pullover-Jumper-Knitted-Sweater-Pull-Femme-Hiver.jpg,https://ae01.alicdn.com/kf/HTB1zu8xXyrxK1RkHFCcq6AQCVXap/Womens-Sweaters-2019-Winter-Tops-Turtleneck-Sweater-Women-Thin-Pullover-Jumper-Knitted-Sweater-Pull-Femme-Hiver.jpg,https://ae01.alicdn.com/kf/HTB1GO0BXvjsK1Rjy1Xaq6zispXae/Womens-Sweaters-2019-Winter-Tops-Turtleneck-Sweater-Women-Thin-Pullover-Jumper-Knitted-Sweater-Pull-Femme-Hiver.jpg, , , , , ,CN, , , , , , , , , , , , , , 
32948583189,32948583189_Brown_One Size,Womens Sweaters 2019 Winter Tops Turtleneck Sweater Women Thin Pullover Jumper Knitted Sweater Pull Femme Hiver Truien Dames New,Pullovers,Pullovers,56.06,CNY,Brown,One Size,1054,"All Categories,Womens Clothing,Sweaters,Pullovers","Cheap Pullovers, Buy Directly from China Suppliers:Womens Sweaters 2019 Winter Tops Turtleneck Sweater Women Thin Pullover Jumper Knitted Sweater Pull Femme Hiver Truien Dames NewnEnjoy ✓ Worldwide! ✓Limited Time Salexa0✓Easy Return.",0.0, ,https://ae01.alicdn.com/kf/HTB1WrHVaeT2gK0jSZFvq6xnFXXaz/Womens-Sweaters-2019-Winter-Tops-Turtleneck-Sweater-Women-Thin-Pullover-Jumper-Knitted-Sweater-Pull-Femme-Hiver.jpg,https://ae01.alicdn.com/kf/HTB1WrHVaeT2gK0jSZFvq6xnFXXaz/Womens-Sweaters-2019-Winter-Tops-Turtleneck-Sweater-Women-Thin-Pullover-Jumper-Knitted-Sweater-Pull-Femme-Hiver.jpg,https://ae01.alicdn.com/kf/HTB1W.xxXvvsK1RjSspdq6AZepXap/Womens-Sweaters-2019-Winter-Tops-Turtleneck-Sweater-Women-Thin-Pullover-Jumper-Knitted-Sweater-Pull-Femme-Hiver.jpg,https://ae01.alicdn.com/kf/HTB1VldAXznuK1RkSmFPq6AuzFXal/Womens-Sweaters-2019-Winter-Tops-Turtleneck-Sweater-Women-Thin-Pullover-Jumper-Knitted-Sweater-Pull-Femme-Hiver.jpg,https://ae01.alicdn.com/kf/HTB1k7VyXzzuK1Rjy0Fpq6yEpFXa6/Womens-Sweaters-2019-Winter-Tops-Turtleneck-Sweater-Women-Thin-Pullover-Jumper-Knitted-Sweater-Pull-Femme-Hiver.jpg,https://ae01.alicdn.com/kf/HTB1PDFzXvvsK1Rjy0Fiq6zwtXXak/Womens-Sweaters-2019-Winter-Tops-Turtleneck-Sweater-Women-Thin-Pullover-Jumper-Knitted-Sweater-Pull-Femme-Hiver.jpg,https://ae01.alicdn.com/kf/HTB1n972hAvoK1RjSZPfq6xPKFXa4/Womens-Sweaters-2019-Winter-Tops-Turtleneck-Sweater-Women-Thin-Pullover-Jumper-Knitted-Sweater-Pull-Femme-Hiver.jpg,https://ae01.alicdn.com/kf/HTB1P6M1hpzqK1RjSZFvq6AB7VXar/Womens-Sweaters-2019-Winter-Tops-Turtleneck-Sweater-Women-Thin-Pullover-Jumper-Knitted-Sweater-Pull-Femme-Hiver.jpg,https://ae01.alicdn.com/kf/HTB1TDdzXtzvK1RkSnfoq6zMwVXaj/Womens-Sweaters-2019-Winter-Tops-Turtleneck-Sweater-Women-Thin-Pullover-Jumper-Knitted-Sweater-Pull-Femme-Hiver.jpg,https://ae01.alicdn.com/kf/HTB1zu8xXyrxK1RkHFCcq6AQCVXap/Womens-Sweaters-2019-Winter-Tops-Turtleneck-Sweater-Women-Thin-Pullover-Jumper-Knitted-Sweater-Pull-Femme-Hiver.jpg,https://ae01.alicdn.com/kf/HTB1GO0BXvjsK1Rjy1Xaq6zispXae/Womens-Sweaters-2019-Winter-Tops-Turtleneck-Sweater-Women-Thin-Pullover-Jumper-Knitted-Sweater-Pull-Femme-Hiver.jpg, , , , , ,CN, , , , , , , , , , , , , , 
32948583189,32948583189_Black_One Size,Womens Sweaters 2019 Winter Tops Turtleneck Sweater Women Thin Pullover Jumper Knitted Sweater Pull Femme Hiver Truien Dames New,Pullovers,Pullovers,56.06,CNY,Black,One Size,509,"All Categories,Womens Clothing,Sweaters,Pullovers","Cheap Pullovers, Buy Directly from China Suppliers:Womens Sweaters 2019 Winter Tops Turtleneck Sweater Women Thin Pullover Jumper Knitted Sweater Pull Femme Hiver Truien Dames NewnEnjoy ✓ Worldwide! ✓Limited Time Salexa0✓Easy Return.",0.0, ,https://ae01.alicdn.com/kf/HTB1WrHVaeT2gK0jSZFvq6xnFXXaz/Womens-Sweaters-2019-Winter-Tops-Turtleneck-Sweater-Women-Thin-Pullover-Jumper-Knitted-Sweater-Pull-Femme-Hiver.jpg,https://ae01.alicdn.com/kf/HTB1WrHVaeT2gK0jSZFvq6xnFXXaz/Womens-Sweaters-2019-Winter-Tops-Turtleneck-Sweater-Women-Thin-Pullover-Jumper-Knitted-Sweater-Pull-Femme-Hiver.jpg,https://ae01.alicdn.com/kf/HTB1W.xxXvvsK1RjSspdq6AZepXap/Womens-Sweaters-2019-Winter-Tops-Turtleneck-Sweater-Women-Thin-Pullover-Jumper-Knitted-Sweater-Pull-Femme-Hiver.jpg,https://ae01.alicdn.com/kf/HTB1VldAXznuK1RkSmFPq6AuzFXal/Womens-Sweaters-2019-Winter-Tops-Turtleneck-Sweater-Women-Thin-Pullover-Jumper-Knitted-Sweater-Pull-Femme-Hiver.jpg,https://ae01.alicdn.com/kf/HTB1k7VyXzzuK1Rjy0Fpq6yEpFXa6/Womens-Sweaters-2019-Winter-Tops-Turtleneck-Sweater-Women-Thin-Pullover-Jumper-Knitted-Sweater-Pull-Femme-Hiver.jpg,https://ae01.alicdn.com/kf/HTB1PDFzXvvsK1Rjy0Fiq6zwtXXak/Womens-Sweaters-2019-Winter-Tops-Turtleneck-Sweater-Women-Thin-Pullover-Jumper-Knitted-Sweater-Pull-Femme-Hiver.jpg,https://ae01.alicdn.com/kf/HTB1n972hAvoK1RjSZPfq6xPKFXa4/Womens-Sweaters-2019-Winter-Tops-Turtleneck-Sweater-Women-Thin-Pullover-Jumper-Knitted-Sweater-Pull-Femme-Hiver.jpg,https://ae01.alicdn.com/kf/HTB1P6M1hpzqK1RjSZFvq6AB7VXar/Womens-Sweaters-2019-Winter-Tops-Turtleneck-Sweater-Women-Thin-Pullover-Jumper-Knitted-Sweater-Pull-Femme-Hiver.jpg,https://ae01.alicdn.com/kf/HTB1TDdzXtzvK1RkSnfoq6zMwVXaj/Womens-Sweaters-2019-Winter-Tops-Turtleneck-Sweater-Women-Thin-Pullover-Jumper-Knitted-Sweater-Pull-Femme-Hiver.jpg,https://ae01.alicdn.com/kf/HTB1zu8xXyrxK1RkHFCcq6AQCVXap/Womens-Sweaters-2019-Winter-Tops-Turtleneck-Sweater-Women-Thin-Pullover-Jumper-Knitted-Sweater-Pull-Femme-Hiver.jpg,https://ae01.alicdn.com/kf/HTB1GO0BXvjsK1Rjy1Xaq6zispXae/Womens-Sweaters-2019-Winter-Tops-Turtleneck-Sweater-Women-Thin-Pullover-Jumper-Knitted-Sweater-Pull-Femme-Hiver.jpg, , , , , ,CN, , , , , , , , , , , , , , 
32948583189,32948583189_Yellow_One Size,Womens Sweaters 2019 Winter Tops Turtleneck Sweater Women Thin Pullover Jumper Knitted Sweater Pull Femme Hiver Truien Dames New,Pullovers,Pullovers,56.06,CNY,Yellow,One Size,1595,"All Categories,Womens Clothing,Sweaters,Pullovers","Cheap Pullovers, Buy Directly from China Suppliers:Womens Sweaters 2019 Winter Tops Turtleneck Sweater Women Thin Pullover Jumper Knitted Sweater Pull Femme Hiver Truien Dames NewnEnjoy ✓ Worldwide! ✓Limited Time Salexa0✓Easy Return.",0.0, ,https://ae01.alicdn.com/kf/HTB1WrHVaeT2gK0jSZFvq6xnFXXaz/Womens-Sweaters-2019-Winter-Tops-Turtleneck-Sweater-Women-Thin-Pullover-Jumper-Knitted-Sweater-Pull-Femme-Hiver.jpg,https://ae01.alicdn.com/kf/HTB1WrHVaeT2gK0jSZFvq6xnFXXaz/Womens-Sweaters-2019-Winter-Tops-Turtleneck-Sweater-Women-Thin-Pullover-Jumper-Knitted-Sweater-Pull-Femme-Hiver.jpg,https://ae01.alicdn.com/kf/HTB1W.xxXvvsK1RjSspdq6AZepXap/Womens-Sweaters-2019-Winter-Tops-Turtleneck-Sweater-Women-Thin-Pullover-Jumper-Knitted-Sweater-Pull-Femme-Hiver.jpg,https://ae01.alicdn.com/kf/HTB1VldAXznuK1RkSmFPq6AuzFXal/Womens-Sweaters-2019-Winter-Tops-Turtleneck-Sweater-Women-Thin-Pullover-Jumper-Knitted-Sweater-Pull-Femme-Hiver.jpg,https://ae01.alicdn.com/kf/HTB1k7VyXzzuK1Rjy0Fpq6yEpFXa6/Womens-Sweaters-2019-Winter-Tops-Turtleneck-Sweater-Women-Thin-Pullover-Jumper-Knitted-Sweater-Pull-Femme-Hiver.jpg,https://ae01.alicdn.com/kf/HTB1PDFzXvvsK1Rjy0Fiq6zwtXXak/Womens-Sweaters-2019-Winter-Tops-Turtleneck-Sweater-Women-Thin-Pullover-Jumper-Knitted-Sweater-Pull-Femme-Hiver.jpg,https://ae01.alicdn.com/kf/HTB1n972hAvoK1RjSZPfq6xPKFXa4/Womens-Sweaters-2019-Winter-Tops-Turtleneck-Sweater-Women-Thin-Pullover-Jumper-Knitted-Sweater-Pull-Femme-Hiver.jpg,https://ae01.alicdn.com/kf/HTB1P6M1hpzqK1RjSZFvq6AB7VXar/Womens-Sweaters-2019-Winter-Tops-Turtleneck-Sweater-Women-Thin-Pullover-Jumper-Knitted-Sweater-Pull-Femme-Hiver.jpg,https://ae01.alicdn.com/kf/HTB1TDdzXtzvK1RkSnfoq6zMwVXaj/Womens-Sweaters-2019-Winter-Tops-Turtleneck-Sweater-Women-Thin-Pullover-Jumper-Knitted-Sweater-Pull-Femme-Hiver.jpg,https://ae01.alicdn.com/kf/HTB1zu8xXyrxK1RkHFCcq6AQCVXap/Womens-Sweaters-2019-Winter-Tops-Turtleneck-Sweater-Women-Thin-Pullover-Jumper-Knitted-Sweater-Pull-Femme-Hiver.jpg,https://ae01.alicdn.com/kf/HTB1GO0BXvjsK1Rjy1Xaq6zispXae/Womens-Sweaters-2019-Winter-Tops-Turtleneck-Sweater-Women-Thin-Pullover-Jumper-Knitted-Sweater-Pull-Femme-Hiver.jpg, , , , , ,CN, , , , , , , , , , , , , , 
32948583189,32948583189_Khaki_One Size,Womens Sweaters 2019 Winter Tops Turtleneck Sweater Women Thin Pullover Jumper Knitted Sweater Pull Femme Hiver Truien Dames New,Pullovers,Pullovers,56.06,CNY,Khaki,One Size,617,"All Categories,Womens Clothing,Sweaters,Pullovers","Cheap Pullovers, Buy Directly from China Suppliers:Womens Sweaters 2019 Winter Tops Turtleneck Sweater Women Thin Pullover Jumper Knitted Sweater Pull Femme Hiver Truien Dames NewnEnjoy ✓ Worldwide! ✓Limited Time Salexa0✓Easy Return.",0.0, ,https://ae01.alicdn.com/kf/HTB1WrHVaeT2gK0jSZFvq6xnFXXaz/Womens-Sweaters-2019-Winter-Tops-Turtleneck-Sweater-Women-Thin-Pullover-Jumper-Knitted-Sweater-Pull-Femme-Hiver.jpg,https://ae01.alicdn.com/kf/HTB1WrHVaeT2gK0jSZFvq6xnFXXaz/Womens-Sweaters-2019-Winter-Tops-Turtleneck-Sweater-Women-Thin-Pullover-Jumper-Knitted-Sweater-Pull-Femme-Hiver.jpg,https://ae01.alicdn.com/kf/HTB1W.xxXvvsK1RjSspdq6AZepXap/Womens-Sweaters-2019-Winter-Tops-Turtleneck-Sweater-Women-Thin-Pullover-Jumper-Knitted-Sweater-Pull-Femme-Hiver.jpg,https://ae01.alicdn.com/kf/HTB1VldAXznuK1RkSmFPq6AuzFXal/Womens-Sweaters-2019-Winter-Tops-Turtleneck-Sweater-Women-Thin-Pullover-Jumper-Knitted-Sweater-Pull-Femme-Hiver.jpg,https://ae01.alicdn.com/kf/HTB1k7VyXzzuK1Rjy0Fpq6yEpFXa6/Womens-Sweaters-2019-Winter-Tops-Turtleneck-Sweater-Women-Thin-Pullover-Jumper-Knitted-Sweater-Pull-Femme-Hiver.jpg,https://ae01.alicdn.com/kf/HTB1PDFzXvvsK1Rjy0Fiq6zwtXXak/Womens-Sweaters-2019-Winter-Tops-Turtleneck-Sweater-Women-Thin-Pullover-Jumper-Knitted-Sweater-Pull-Femme-Hiver.jpg,https://ae01.alicdn.com/kf/HTB1n972hAvoK1RjSZPfq6xPKFXa4/Womens-Sweaters-2019-Winter-Tops-Turtleneck-Sweater-Women-Thin-Pullover-Jumper-Knitted-Sweater-Pull-Femme-Hiver.jpg,https://ae01.alicdn.com/kf/HTB1P6M1hpzqK1RjSZFvq6AB7VXar/Womens-Sweaters-2019-Winter-Tops-Turtleneck-Sweater-Women-Thin-Pullover-Jumper-Knitted-Sweater-Pull-Femme-Hiver.jpg,https://ae01.alicdn.com/kf/HTB1TDdzXtzvK1RkSnfoq6zMwVXaj/Womens-Sweaters-2019-Winter-Tops-Turtleneck-Sweater-Women-Thin-Pullover-Jumper-Knitted-Sweater-Pull-Femme-Hiver.jpg,https://ae01.alicdn.com/kf/HTB1zu8xXyrxK1RkHFCcq6AQCVXap/Womens-Sweaters-2019-Winter-Tops-Turtleneck-Sweater-Women-Thin-Pullover-Jumper-Knitted-Sweater-Pull-Femme-Hiver.jpg,https://ae01.alicdn.com/kf/HTB1GO0BXvjsK1Rjy1Xaq6zispXae/Womens-Sweaters-2019-Winter-Tops-Turtleneck-Sweater-Women-Thin-Pullover-Jumper-Knitted-Sweater-Pull-Femme-Hiver.jpg, , , , , ,CN, , , , , , , , , , , , , , 
32948583189,32948583189_Purple   _One Size,Womens Sweaters 2019 Winter Tops Turtleneck Sweater Women Thin Pullover Jumper Knitted Sweater Pull Femme Hiver Truien Dames New,Pullovers,Pullovers,56.06,CNY,Purple   ,One Size,1918,"All Categories,Womens Clothing,Sweaters,Pullovers","Cheap Pullovers, Buy Directly from China Suppliers:Womens Sweaters 2019 Winter Tops Turtleneck Sweater Women Thin Pullover Jumper Knitted Sweater Pull Femme Hiver Truien Dames NewnEnjoy ✓ Worldwide! ✓Limited Time Salexa0✓Easy Return.",0.0, ,https://ae01.alicdn.com/kf/HTB1WrHVaeT2gK0jSZFvq6xnFXXaz/Womens-Sweaters-2019-Winter-Tops-Turtleneck-Sweater-Women-Thin-Pullover-Jumper-Knitted-Sweater-Pull-Femme-Hiver.jpg,https://ae01.alicdn.com/kf/HTB1WrHVaeT2gK0jSZFvq6xnFXXaz/Womens-Sweaters-2019-Winter-Tops-Turtleneck-Sweater-Women-Thin-Pullover-Jumper-Knitted-Sweater-Pull-Femme-Hiver.jpg,https://ae01.alicdn.com/kf/HTB1W.xxXvvsK1RjSspdq6AZepXap/Womens-Sweaters-2019-Winter-Tops-Turtleneck-Sweater-Women-Thin-Pullover-Jumper-Knitted-Sweater-Pull-Femme-Hiver.jpg,https://ae01.alicdn.com/kf/HTB1VldAXznuK1RkSmFPq6AuzFXal/Womens-Sweaters-2019-Winter-Tops-Turtleneck-Sweater-Women-Thin-Pullover-Jumper-Knitted-Sweater-Pull-Femme-Hiver.jpg,https://ae01.alicdn.com/kf/HTB1k7VyXzzuK1Rjy0Fpq6yEpFXa6/Womens-Sweaters-2019-Winter-Tops-Turtleneck-Sweater-Women-Thin-Pullover-Jumper-Knitted-Sweater-Pull-Femme-Hiver.jpg,https://ae01.alicdn.com/kf/HTB1PDFzXvvsK1Rjy0Fiq6zwtXXak/Womens-Sweaters-2019-Winter-Tops-Turtleneck-Sweater-Women-Thin-Pullover-Jumper-Knitted-Sweater-Pull-Femme-Hiver.jpg,https://ae01.alicdn.com/kf/HTB1n972hAvoK1RjSZPfq6xPKFXa4/Womens-Sweaters-2019-Winter-Tops-Turtleneck-Sweater-Women-Thin-Pullover-Jumper-Knitted-Sweater-Pull-Femme-Hiver.jpg,https://ae01.alicdn.com/kf/HTB1P6M1hpzqK1RjSZFvq6AB7VXar/Womens-Sweaters-2019-Winter-Tops-Turtleneck-Sweater-Women-Thin-Pullover-Jumper-Knitted-Sweater-Pull-Femme-Hiver.jpg,https://ae01.alicdn.com/kf/HTB1TDdzXtzvK1RkSnfoq6zMwVXaj/Womens-Sweaters-2019-Winter-Tops-Turtleneck-Sweater-Women-Thin-Pullover-Jumper-Knitted-Sweater-Pull-Femme-Hiver.jpg,https://ae01.alicdn.com/kf/HTB1zu8xXyrxK1RkHFCcq6AQCVXap/Womens-Sweaters-2019-Winter-Tops-Turtleneck-Sweater-Women-Thin-Pullover-Jumper-Knitted-Sweater-Pull-Femme-Hiver.jpg,https://ae01.alicdn.com/kf/HTB1GO0BXvjsK1Rjy1Xaq6zispXae/Womens-Sweaters-2019-Winter-Tops-Turtleneck-Sweater-Women-Thin-Pullover-Jumper-Knitted-Sweater-Pull-Femme-Hiver.jpg, , , , , ,CN, , , , , , , , , , , , , , 
32948583189,32948583189_Gray_One Size,Womens Sweaters 2019 Winter Tops Turtleneck Sweater Women Thin Pullover Jumper Knitted Sweater Pull Femme Hiver Truien Dames New,Pullovers,Pullovers,56.06,CNY,Gray,One Size,1343,"All Categories,Womens Clothing,Sweaters,Pullovers","Cheap Pullovers, Buy Directly from China Suppliers:Womens Sweaters 2019 Winter Tops Turtleneck Sweater Women Thin Pullover Jumper Knitted Sweater Pull Femme Hiver Truien Dames NewnEnjoy ✓ Worldwide! ✓Limited Time Salexa0✓Easy Return.",0.0, ,https://ae01.alicdn.com/kf/HTB1WrHVaeT2gK0jSZFvq6xnFXXaz/Womens-Sweaters-2019-Winter-Tops-Turtleneck-Sweater-Women-Thin-Pullover-Jumper-Knitted-Sweater-Pull-Femme-Hiver.jpg,https://ae01.alicdn.com/kf/HTB1WrHVaeT2gK0jSZFvq6xnFXXaz/Womens-Sweaters-2019-Winter-Tops-Turtleneck-Sweater-Women-Thin-Pullover-Jumper-Knitted-Sweater-Pull-Femme-Hiver.jpg,https://ae01.alicdn.com/kf/HTB1W.xxXvvsK1RjSspdq6AZepXap/Womens-Sweaters-2019-Winter-Tops-Turtleneck-Sweater-Women-Thin-Pullover-Jumper-Knitted-Sweater-Pull-Femme-Hiver.jpg,https://ae01.alicdn.com/kf/HTB1VldAXznuK1RkSmFPq6AuzFXal/Womens-Sweaters-2019-Winter-Tops-Turtleneck-Sweater-Women-Thin-Pullover-Jumper-Knitted-Sweater-Pull-Femme-Hiver.jpg,https://ae01.alicdn.com/kf/HTB1k7VyXzzuK1Rjy0Fpq6yEpFXa6/Womens-Sweaters-2019-Winter-Tops-Turtleneck-Sweater-Women-Thin-Pullover-Jumper-Knitted-Sweater-Pull-Femme-Hiver.jpg,https://ae01.alicdn.com/kf/HTB1PDFzXvvsK1Rjy0Fiq6zwtXXak/Womens-Sweaters-2019-Winter-Tops-Turtleneck-Sweater-Women-Thin-Pullover-Jumper-Knitted-Sweater-Pull-Femme-Hiver.jpg,https://ae01.alicdn.com/kf/HTB1n972hAvoK1RjSZPfq6xPKFXa4/Womens-Sweaters-2019-Winter-Tops-Turtleneck-Sweater-Women-Thin-Pullover-Jumper-Knitted-Sweater-Pull-Femme-Hiver.jpg,https://ae01.alicdn.com/kf/HTB1P6M1hpzqK1RjSZFvq6AB7VXar/Womens-Sweaters-2019-Winter-Tops-Turtleneck-Sweater-Women-Thin-Pullover-Jumper-Knitted-Sweater-Pull-Femme-Hiver.jpg,https://ae01.alicdn.com/kf/HTB1TDdzXtzvK1RkSnfoq6zMwVXaj/Womens-Sweaters-2019-Winter-Tops-Turtleneck-Sweater-Women-Thin-Pullover-Jumper-Knitted-Sweater-Pull-Femme-Hiver.jpg,https://ae01.alicdn.com/kf/HTB1zu8xXyrxK1RkHFCcq6AQCVXap/Womens-Sweaters-2019-Winter-Tops-Turtleneck-Sweater-Women-Thin-Pullover-Jumper-Knitted-Sweater-Pull-Femme-Hiver.jpg,https://ae01.alicdn.com/kf/HTB1GO0BXvjsK1Rjy1Xaq6zispXae/Womens-Sweaters-2019-Winter-Tops-Turtleneck-Sweater-Women-Thin-Pullover-Jumper-Knitted-Sweater-Pull-Femme-Hiver.jpg, , , , , ,CN, , , , , , , , , , , , , , 
32948583189,32948583189_Pink_One Size,Womens Sweaters 2019 Winter Tops Turtleneck Sweater Women Thin Pullover Jumper Knitted Sweater Pull Femme Hiver Truien Dames New,Pullovers,Pullovers,56.06,CNY,Pink,One Size,1888,"All Categories,Womens Clothing,Sweaters,Pullovers","Cheap Pullovers, Buy Directly from China Suppliers:Womens Sweaters 2019 Winter Tops Turtleneck Sweater Women Thin Pullover Jumper Knitted Sweater Pull Femme Hiver Truien Dames NewnEnjoy ✓ Worldwide! ✓Limited Time Salexa0✓Easy Return.",0.0, ,https://ae01.alicdn.com/kf/HTB1WrHVaeT2gK0jSZFvq6xnFXXaz/Womens-Sweaters-2019-Winter-Tops-Turtleneck-Sweater-Women-Thin-Pullover-Jumper-Knitted-Sweater-Pull-Femme-Hiver.jpg,https://ae01.alicdn.com/kf/HTB1WrHVaeT2gK0jSZFvq6xnFXXaz/Womens-Sweaters-2019-Winter-Tops-Turtleneck-Sweater-Women-Thin-Pullover-Jumper-Knitted-Sweater-Pull-Femme-Hiver.jpg,https://ae01.alicdn.com/kf/HTB1W.xxXvvsK1RjSspdq6AZepXap/Womens-Sweaters-2019-Winter-Tops-Turtleneck-Sweater-Women-Thin-Pullover-Jumper-Knitted-Sweater-Pull-Femme-Hiver.jpg,https://ae01.alicdn.com/kf/HTB1VldAXznuK1RkSmFPq6AuzFXal/Womens-Sweaters-2019-Winter-Tops-Turtleneck-Sweater-Women-Thin-Pullover-Jumper-Knitted-Sweater-Pull-Femme-Hiver.jpg,https://ae01.alicdn.com/kf/HTB1k7VyXzzuK1Rjy0Fpq6yEpFXa6/Womens-Sweaters-2019-Winter-Tops-Turtleneck-Sweater-Women-Thin-Pullover-Jumper-Knitted-Sweater-Pull-Femme-Hiver.jpg,https://ae01.alicdn.com/kf/HTB1PDFzXvvsK1Rjy0Fiq6zwtXXak/Womens-Sweaters-2019-Winter-Tops-Turtleneck-Sweater-Women-Thin-Pullover-Jumper-Knitted-Sweater-Pull-Femme-Hiver.jpg,https://ae01.alicdn.com/kf/HTB1n972hAvoK1RjSZPfq6xPKFXa4/Womens-Sweaters-2019-Winter-Tops-Turtleneck-Sweater-Women-Thin-Pullover-Jumper-Knitted-Sweater-Pull-Femme-Hiver.jpg,https://ae01.alicdn.com/kf/HTB1P6M1hpzqK1RjSZFvq6AB7VXar/Womens-Sweaters-2019-Winter-Tops-Turtleneck-Sweater-Women-Thin-Pullover-Jumper-Knitted-Sweater-Pull-Femme-Hiver.jpg,https://ae01.alicdn.com/kf/HTB1TDdzXtzvK1RkSnfoq6zMwVXaj/Womens-Sweaters-2019-Winter-Tops-Turtleneck-Sweater-Women-Thin-Pullover-Jumper-Knitted-Sweater-Pull-Femme-Hiver.jpg,https://ae01.alicdn.com/kf/HTB1zu8xXyrxK1RkHFCcq6AQCVXap/Womens-Sweaters-2019-Winter-Tops-Turtleneck-Sweater-Women-Thin-Pullover-Jumper-Knitted-Sweater-Pull-Femme-Hiver.jpg,https://ae01.alicdn.com/kf/HTB1GO0BXvjsK1Rjy1Xaq6zispXae/Womens-Sweaters-2019-Winter-Tops-Turtleneck-Sweater-Women-Thin-Pullover-Jumper-Knitted-Sweater-Pull-Femme-Hiver.jpg, , , , , ,CN, , , , , , , , , , , , , , 
32948583189,32948583189_Beige_One Size,Womens Sweaters 2019 Winter Tops Turtleneck Sweater Women Thin Pullover Jumper Knitted Sweater Pull Femme Hiver Truien Dames New,Pullovers,Pullovers,56.06,CNY,Beige,One Size,1231,"All Categories,Womens Clothing,Sweaters,Pullovers","Cheap Pullovers, Buy Directly from China Suppliers:Womens Sweaters 2019 Winter Tops Turtleneck Sweater Women Thin Pullover Jumper Knitted Sweater Pull Femme Hiver Truien Dames NewnEnjoy ✓ Worldwide! ✓Limited Time Salexa0✓Easy Return.",0.0, ,https://ae01.alicdn.com/kf/HTB1WrHVaeT2gK0jSZFvq6xnFXXaz/Womens-Sweaters-2019-Winter-Tops-Turtleneck-Sweater-Women-Thin-Pullover-Jumper-Knitted-Sweater-Pull-Femme-Hiver.jpg,https://ae01.alicdn.com/kf/HTB1WrHVaeT2gK0jSZFvq6xnFXXaz/Womens-Sweaters-2019-Winter-Tops-Turtleneck-Sweater-Women-Thin-Pullover-Jumper-Knitted-Sweater-Pull-Femme-Hiver.jpg,https://ae01.alicdn.com/kf/HTB1W.xxXvvsK1RjSspdq6AZepXap/Womens-Sweaters-2019-Winter-Tops-Turtleneck-Sweater-Women-Thin-Pullover-Jumper-Knitted-Sweater-Pull-Femme-Hiver.jpg,https://ae01.alicdn.com/kf/HTB1VldAXznuK1RkSmFPq6AuzFXal/Womens-Sweaters-2019-Winter-Tops-Turtleneck-Sweater-Women-Thin-Pullover-Jumper-Knitted-Sweater-Pull-Femme-Hiver.jpg,https://ae01.alicdn.com/kf/HTB1k7VyXzzuK1Rjy0Fpq6yEpFXa6/Womens-Sweaters-2019-Winter-Tops-Turtleneck-Sweater-Women-Thin-Pullover-Jumper-Knitted-Sweater-Pull-Femme-Hiver.jpg,https://ae01.alicdn.com/kf/HTB1PDFzXvvsK1Rjy0Fiq6zwtXXak/Womens-Sweaters-2019-Winter-Tops-Turtleneck-Sweater-Women-Thin-Pullover-Jumper-Knitted-Sweater-Pull-Femme-Hiver.jpg,https://ae01.alicdn.com/kf/HTB1n972hAvoK1RjSZPfq6xPKFXa4/Womens-Sweaters-2019-Winter-Tops-Turtleneck-Sweater-Women-Thin-Pullover-Jumper-Knitted-Sweater-Pull-Femme-Hiver.jpg,https://ae01.alicdn.com/kf/HTB1P6M1hpzqK1RjSZFvq6AB7VXar/Womens-Sweaters-2019-Winter-Tops-Turtleneck-Sweater-Women-Thin-Pullover-Jumper-Knitted-Sweater-Pull-Femme-Hiver.jpg,https://ae01.alicdn.com/kf/HTB1TDdzXtzvK1RkSnfoq6zMwVXaj/Womens-Sweaters-2019-Winter-Tops-Turtleneck-Sweater-Women-Thin-Pullover-Jumper-Knitted-Sweater-Pull-Femme-Hiver.jpg,https://ae01.alicdn.com/kf/HTB1zu8xXyrxK1RkHFCcq6AQCVXap/Womens-Sweaters-2019-Winter-Tops-Turtleneck-Sweater-Women-Thin-Pullover-Jumper-Knitted-Sweater-Pull-Femme-Hiver.jpg,https://ae01.alicdn.com/kf/HTB1GO0BXvjsK1Rjy1Xaq6zispXae/Womens-Sweaters-2019-Winter-Tops-Turtleneck-Sweater-Women-Thin-Pullover-Jumper-Knitted-Sweater-Pull-Femme-Hiver.jpg, , , , , ,CN, , , , , , , , , , , , , , 
